Adalar, Nizam Mahallesi
Adalar, Maden Mahallesi
Adalar, Kınalıada Mahallesi
Adalar, Heybeliada Mahallesi
Adalar, Burgazada Mahallesi
İstanbul, Gültepe Mahallesi
İstanbul, Ulus Mahallesi
İstanbul, Muradiye Mahallesi
İstanbul, Dikilitaş Mahallesi
İstanbul, Sinanpaşa Mahallesi
İstanbul, Talatpaşa Mahallesi
İstanbul, Akevler Mahallesi
İstanbul, Mehterçeşme Mahallesi
İstanbul, Pınar Mahallesi
İstanbul, İnönü Mahallesi
İstanbul, İncirtepe Mahallesi
İstanbul, Koza Mahallesi
İstanbul, Aşık Veysel Mahallesi
İstanbul, Esenkent Mahallesi
İstanbul, Cihangir Mahallesi
İstanbul, Merkez Mahallesi
İstanbul, Üniversite Mahallesi
İstanbul, Yeşilkent Mahallesi
İstanbul, Ambarlı Mahallesi
İstanbul, Firuzköy Mahallesi
İstanbul, Tahtakale Mahallesi
İstanbul, 75. Yıl Mahallesi
İstanbul, Organize Sanayi Bölgesi Mahallesi
İstanbul, Menderes Mahallesi
İstanbul, Ağaçlı Mahallesi
İstanbul, Odayeri Mahallesi
İstanbul, Işıklar Mahallesi
İstanbul, Pirinççi Mahallesi
İstanbul, Göktürk Merkez Mahallesi
İstanbul, Mithatpaşa Mahallesi
İstanbul, Mimar Sinan Mahallesi
İstanbul, Rami Cuma Mahallesi
İstanbul, Düğmeciler Mahallesi
İstanbul, Kirazlı Mahallesi
İstanbul, Güneşli Mahallesi
İstanbul, Demirkapı Mahallesi
İstanbul, Yeniköy Mahallesi
İstanbul, Tayakadın Mahallesi
İstanbul, Dursunköy Mahallesi
İstanbul, Haraççı Mahallesi
İstanbul, Çilingir Mahallesi
İstanbul, Baklalı Mahallesi
İstanbul, İmrahor Mahallesi
İstanbul, Fatih Mahallesi
İstanbul, Adnan Menderes Mahallesi
İstanbul, Mareşal Fevzi Çakmak Mahallesi
İstanbul, Mehmet Akif Ersoy Mahallesi
İstanbul, Yavuz Selim Mahallesi
İstanbul, İslambey Mahallesi
İstanbul, Karlıbayır Mahallesi
İstanbul, Boyalık Mahallesi
İstanbul, Sazlıbosna Mahallesi
İstanbul, Hadımköy Mahallesi
İstanbul, Taşoluk Mahallesi
İstanbul, Deliklikaya Mahallesi
İstanbul, Hacımaşlı Mahallesi
İstanbul, Durusu Mahallesi
İstanbul, Boğazköy İstiklal Mahallesi
İstanbul, Nenehatun Mahallesi
İstanbul, Mustafa Kemal Paşa Mahallesi
İstanbul, Arnavutköy Merkez Mahallesi
İstanbul, Anadolu Mahallesi
İstanbul, Terkos Mahallesi
İstanbul, Bolluca Mahallesi
İstanbul, Hicret Mahallesi
İstanbul, Atatürk Mahallesi
İstanbul, Mavigöl Mahallesi
İstanbul, Yunus Emre Mahallesi
İstanbul, Silivrikapı Mahallesi
İstanbul, Yedikule Mahallesi
İstanbul, Cankurtaran Mahallesi
İstanbul, Yenişehir Mahallesi
İstanbul, Yahya Kahya Mahallesi
İstanbul, Tomtom Mahallesi
İstanbul, Sururi Mehmet Efendi Mahallesi
İstanbul, Sütlüce Mahallesi
İstanbul, Şehit Muhtar Mahallesi
İstanbul, Piri Paşa Mahallesi
İstanbul, Piyalepaşa Mahallesi
İstanbul, Pürtelaş Hasan Efendi Mahallesi
İstanbul, Şahkulu Mahallesi
İstanbul, Ömer Avni Mahallesi
İstanbul, Örnektepe Mahallesi
İstanbul, Müeyyedzade Mahallesi
İstanbul, Kadı Mehmet Efendi Mahallesi
İstanbul, Kalyoncu Kulluğu Mahallesi
İstanbul, Kamer Hatun Mahallesi
İstanbul, Kaptanpaşa Mahallesi
İstanbul, Katip Mustafa Çelebi Mahallesi
İstanbul, Keçeci Piri Mahallesi
İstanbul, Kemankeş Karamustafa Paşa Mahallesi
İstanbul, Küçük Piyale Mahallesi
İstanbul, Kulaksız Mahallesi
İstanbul, Kuloğlu Mahallesi
İstanbul, Kılıçali Paşa Mahallesi
İstanbul, Hüseyinağa Mahallesi
İstanbul, Halıcıoğlu Mahallesi
İstanbul, Fetihtepe Mahallesi
İstanbul, Firuzağa Mahallesi
İstanbul, Gümüşsuyu Mahallesi
İstanbul, Hacıahmet Mahallesi
İstanbul, Hacımimi Mahallesi
İstanbul, Bedrettin Mahallesi
İstanbul, Bereketzade Mahallesi
İstanbul, Bostan Mahallesi
İstanbul, Bülbül Mahallesi
İstanbul, Camiikebir Mahallesi
İstanbul, Çatma Mescit Mahallesi
İstanbul, Cihangir Mahallesi
İstanbul, Çukur Mahallesi
İstanbul, Emekyemez Mahallesi
İstanbul, Arap Cami Mahallesi
İstanbul, Asmalı Mescit Mahallesi
İstanbul, Garipçe Mahallesi
İstanbul, Rumeli Feneri Mahallesi
İstanbul, Demirciköy Mahallesi
İstanbul, Rumeli Kavağı Mahallesi
İstanbul, Kumköy Mahallesi
İstanbul, Uskumruköy Mahallesi
İstanbul, Yeni Mahalle
İstanbul, Büyükdere Mahallesi
İstanbul, Cumhuriyet Mahallesi
İstanbul, Bahçeköy Merkez Mahallesi
İstanbul, Bahçeköy Yeni Mahalle
İstanbul, Bahçeköy Kemer Mahallesi
İstanbul, Ferahevler Mahallesi
İstanbul, Çamlıtepe Mahallesi
İstanbul, Darüşşafaka Mahallesi
İstanbul, Ayazağa Mahallesi
İstanbul, Hürriyet Mahallesi
İstanbul, Cumhuriyet Mahallesi
İstanbul, Harbiye Mahallesi
İstanbul, Mecidiyeköy Mahallesi
İstanbul, Paşa Mahallesi
İstanbul, Kuştepe Mahallesi
İstanbul, Yavuz Selim Mahallesi
İstanbul, Çengeldere Mahallesi
İstanbul, Çiftlik Mahallesi
İstanbul, Abdurrahmangazi Mahallesi
İstanbul, Merve Mahallesi
İstanbul, Mevlana Mahallesi
İstanbul, Safa Mahallesi
İstanbul, Hilal Mahallesi
İstanbul, Yunus Emre Mahallesi
İstanbul, Yenidoğan Mahallesi
İstanbul, Osmangazi Mahallesi
İstanbul, Atatürk Mahallesi
İstanbul, Kemal Türkler Mahallesi
İstanbul, İnönü Mahallesi
İstanbul, Sarıgazi Mahallesi
İstanbul, Veysel Karani Mahallesi
İstanbul, Akpınar Mahallesi
İstanbul, Paşaköy Mahallesi
İstanbul, Akşemsettin Mahallesi
İstanbul, Necip Fazıl Mahallesi
İstanbul, Orhangazi Mahallesi
İstanbul, Adil Mahallesi
İstanbul, Battalgazi Mahallesi
İstanbul, Hasanpaşa Mahallesi
İstanbul, Mimar Sinan Mahallesi
İstanbul, Abdurrahmangazi Mahallesi
İstanbul, Ahmet Yesevi Mahallesi
İstanbul, Fatih Mahallesi
İstanbul, Hamidiye Mahallesi
İstanbul, Kavaklı Ormanı
İstanbul, Mecidiye Mahallesi
İstanbul, Mehmet Akif Mahallesi
İstanbul, Turgut Reis Mahallesi
İstanbul, Yavuz Selim Mahallesi
İstanbul, Atalar Mahallesi
İstanbul, Cevizli Mahallesi
İstanbul, Yunus Mahallesi
İstanbul, Cumhuriyet Mahallesi
İstanbul, Güngören Mahallesi
İstanbul, Ömerli Mahallesi
İstanbul, Koçullu Mahallesi
İstanbul, Sırapınar Mahallesi
İstanbul, Hüseyinli Mahallesi
İstanbul, Alemdağ Askerî Bölge
İstanbul, Reşadiye Mahallesi
İstanbul, Alemdağ Ormanı
İstanbul, Taşdelen Ormanı
İstanbul, Çekmeköy Askerî Bölge
İstanbul, Kirazlıdere Mahallesi
İstanbul, Hamidiye Mahallesi
İstanbul, Aydınlar Mahallesi
İstanbul, Sultançiftliği Mahallesi
İstanbul, Anadolu Mahallesi
İstanbul, Cami Mahallesi
İstanbul, Fatih Mahallesi
İstanbul, İstasyon Mahallesi
İstanbul, Mescit Mahallesi
İstanbul, Orhanlı Mahallesi
İstanbul, Postane Mahallesi
İstanbul, Yayla Mahallesi
İstanbul, Osmanköy Mahallesi
İstanbul, Sortullu Mahallesi
İstanbul, Akçakese Mahallesi
İstanbul, Bucaklı Mahallesi
İstanbul, Çavuş Mahallesi
İstanbul, Çayırbaşı Mahallesi
İstanbul, Erenler Mahallesi
İstanbul, Göksu Mahallesi
İstanbul, Hacı Kasım Mahallesi
İstanbul, Hasanlı Mahallesi
İstanbul, İmrendere Mahallesi
İstanbul, İmrenli Mahallesi
İstanbul, Kabakoz Mahallesi
İstanbul, Karabeyli Mahallesi
İstanbul, Korucu Mahallesi
İstanbul, Kumbaba Mahallesi
İstanbul, Satmazlı Mahallesi
İstanbul, Teke Mahallesi
İstanbul, Yaylalı Mahallesi
İstanbul, Yazımanayır Mahallesi
İstanbul, Yeniköy Mahallesi
